,sub,cond,x,y,rt
8,m,UV,-0.2,0,0.9255001000001356
9,m,UV,-0.4,0,0.7498433000000659
10,m,UV,-0.8,0,0.5941544999986945
11,m,UV,+0.4,1,0.5986449000010907
12,m,UV,+0.8,1,0.5613879000011366
13,m,UV,-0.8,0,0.654065200000332
14,m,UV,+0.2,0,1.2283570999989024
15,m,UV,0,0,0.6825869000003877
16,m,UV,0,0,0.9390246000002662
17,m,UV,+0.8,1,0.7115823999993154
18,m,UV,-0.2,0,0.7021012000004703
19,m,UV,-0.4,0,0.7825835000003281
20,m,UV,+0.4,1,0.9328779999996186
21,m,UV,+0.2,1,1.3653684000000794
22,m,UV,-0.4,0,0.7013463000002957
23,m,UV,-0.2,0,0.7877607999998872
24,m,UV,+0.2,0,0.9222786000009364
25,m,UV,0,0,0.7147196000005351
26,m,UV,+0.4,1,0.9091774999997142
27,m,UV,-0.2,0,1.2914799000009225
28,m,UV,0,0,0.7396642999992764
29,m,UV,+0.8,1,0.690086100001281
30,m,UV,-0.8,0,0.5087339000001521
31,m,UV,+0.2,0,0.8172130000002653
32,m,UV,-0.8,0,0.7776252999992721
33,m,UV,-0.4,0,0.6240792999997211
34,m,UV,+0.4,0,0.8866921000008006
35,m,UV,+0.8,0,0.6390688999999838
36,m,UV,-0.4,0,0.7956087999991723
37,m,UV,+0.4,1,1.6242021000016391
38,m,UV,0,0,0.9138906000007411
39,m,UV,-0.8,0,0.5082591000009415
40,m,UV,-0.8,0,0.5390004000000772
41,m,UV,-0.2,0,0.6096118999994361
42,m,UV,0,0,1.2339838000007148
43,m,UV,+0.8,0,1.3823576999984653
44,m,UV,-0.4,0,0.8424351000012393
45,m,UV,+0.4,1,1.178658500000893
46,m,UV,-0.2,0,0.747088399999484
47,m,UV,+0.8,1,0.6773929999999382
48,m,UV,+0.2,1,2.4798107000005984
49,m,UV,+0.2,1,1.115357099999528
50,m,UV,-0.2,0,0.9413795000000392
51,m,UV,+0.4,1,0.8138287999991007
52,m,UV,-0.4,0,0.6782438999998703
53,m,UV,0,0,0.7467140999997355
54,m,UV,+0.2,1,1.1772161000008057
55,m,UV,+0.2,1,2.073631299999761
56,m,UV,+0.8,1,0.6190446999989945
57,m,UV,-0.8,0,0.6678188999994745
58,m,UV,0,0,1.056311899999855
59,m,UV,-0.4,0,1.5662833999995198
60,m,UV,-0.2,1,5.368397199999889
61,m,UV,+0.4,1,0.8078160000004573
62,m,UV,+0.8,1,2.064241699999912
63,m,UV,-0.8,0,0.7316477000003943
65,m,UV,+0.2,1,1.9840972999991209
66,m,UV,+0.8,1,0.741697400000703
67,m,UV,0,0,1.0701752000004492
68,m,UV,-0.2,0,0.5785262999997939
69,m,UV,-0.8,0,0.4972047999999632
70,m,UV,+0.8,1,0.7096636000005674
71,m,UV,+0.2,1,0.9243722000010166
72,m,UV,-0.4,0,0.5408268999999564
73,m,UV,-0.2,0,1.5870536999991598
74,m,UV,-0.4,0,0.8731843999994453
75,m,UV,-0.8,0,0.7315307999997458
76,m,UV,+0.4,0,0.8519899999992049
77,m,UV,0,0,0.9585784999999304
78,m,UV,+0.4,1,1.0728680000011082
79,m,UV,-0.2,0,0.7468633000007685
80,m,UV,+0.8,1,0.6174356999999873
81,m,UV,+0.2,1,1.8659373999998932
82,m,UV,+0.4,1,1.0797065000006114
83,m,UV,-0.8,0,1.020051899999089
84,m,UV,+0.2,1,1.7302350000009028
85,m,UV,-0.4,0,2.770144399999481
86,m,UV,+0.4,1,0.9932178999988536
87,m,UV,+0.8,1,0.6414538000008179
88,m,UV,-0.8,0,0.8941451999999117
89,m,UV,-0.2,0,0.6305078000004869
90,m,UV,0,1,1.2511149999991176
91,m,UV,0,1,2.3653281000006245
92,m,UV,-0.4,0,0.7064780000000609
93,m,UV,-0.8,0,0.7030930999990233
94,m,UV,-0.4,0,0.7736839999997756
95,m,UV,+0.2,1,0.8339972999983729
96,m,UV,+0.4,1,1.3563722999988386
97,m,UV,+0.8,1,0.6004978000000847
98,m,UV,-0.8,0,0.6110384000003249
99,m,UV,-0.2,0,0.6916693000002851
100,m,UV,-0.2,0,0.6282468999997946
101,m,UV,-0.4,0,0.57077770000069
102,m,UV,+0.4,1,1.3571713000001182
103,m,UV,+0.2,1,1.689481899999009
104,m,UV,0,0,0.8491606999996293
105,m,UV,+0.8,1,0.7375716000005923
106,m,UV,0,1,2.6982363000006444
107,m,UV,-0.8,0,0.8312284000003274
108,m,UV,+0.4,1,1.517656200001511
109,m,UV,-0.2,1,1.4656341999998403
110,m,UV,+0.4,1,0.6316410999988875
111,m,UV,+0.8,1,0.6543526999994356
112,m,UV,+0.2,1,1.0687778000010442
113,m,UV,-0.4,0,0.8969025999995209
114,m,UV,+0.2,1,1.3534518999986176
115,m,UV,0,1,1.4135379000017565
116,m,UV,+0.8,1,0.7635424000000057
117,m,UV,0,1,1.014070700000957
118,m,UV,-0.4,0,2.412067899998874
119,m,UV,-0.8,0,1.2456997000008414
120,m,UV,-0.2,1,1.8697837999989133
131,m,UB,-0.2,0,4.376756199999363
132,m,UB,+0.2,1,0.9508822999996482
133,m,UB,+0.4,1,0.7171247999995103
134,m,UB,-0.4,0,0.937616799999887
135,m,UB,0,1,5.5520667000000685
136,m,UB,+0.8,1,1.3451857000000018
137,m,UB,+0.8,1,0.7272257000004174
138,m,UB,-0.2,0,0.7777915000006033
139,m,UB,-0.4,0,0.7302629000005254
140,m,UB,+0.2,1,1.548621400001139
141,m,UB,0,1,4.320720499999879
142,m,UB,+0.4,1,1.1048509000011109
143,m,UB,-0.8,0,1.0688492999997834
144,m,UB,-0.8,0,0.7791538999990735
145,m,UB,-0.8,0,0.6578810999999405
146,m,UB,-0.4,0,3.4501856999995653
147,m,UB,+0.8,1,0.7208743999999571
148,m,UB,+0.4,1,1.0272123999984617
149,m,UB,+0.8,1,0.9695392999983596
150,m,UB,-0.2,1,1.7400199999992765
151,m,UB,-0.8,0,0.7536968000003981
152,m,UB,-0.2,0,1.1583056999988912
153,m,UB,-0.4,0,1.5524975999996968
154,m,UB,+0.2,1,0.7564500999997108
155,m,UB,0,1,0.8087849000003189
156,m,UB,0,1,1.051468999999997
157,m,UB,+0.2,1,2.323621100000309
158,m,UB,+0.4,1,0.6610082999995939
159,m,UB,+0.4,1,0.7074016000005942
160,m,UB,-0.4,0,0.8579513000004226
161,m,UB,+0.2,1,1.3384532000000036
162,m,UB,-0.8,0,0.6883996999986266
163,m,UB,-0.2,0,5.424903099999938
164,m,UB,+0.4,1,0.8943713000007847
165,m,UB,+0.2,1,4.118650099999286
166,m,UB,-0.2,0,1.0969124999992346
167,m,UB,+0.8,1,0.6812456999996357
168,m,UB,0,1,1.0656404000001205
169,m,UB,-0.4,0,5.559996600000887
170,m,UB,+0.8,1,0.6390963000012562
171,m,UB,0,1,3.515820900000108
172,m,UB,-0.8,0,0.8443650999997772
173,m,UB,+0.4,1,0.9507426000000124
174,m,UB,+0.8,1,0.4830773000012414
175,m,UB,+0.2,0,0.9396578999985649
176,m,UB,-0.8,0,0.9721654000004492
177,m,UB,+0.2,1,0.8682380000009289
178,m,UB,-0.4,0,1.178733700000521
179,m,UB,-0.2,0,1.6910690000004251
180,m,UB,-0.2,0,1.528686800000287
181,m,UB,0,1,1.4827856000010795
182,m,UB,-0.4,0,1.6907566999998382
183,m,UB,+0.4,1,0.6964970999997604
184,m,UB,0,1,1.2413185000004887
185,m,UB,-0.8,0,0.8353621999995084
186,m,UB,+0.8,1,0.6436713000002783
188,m,UB,-0.4,0,1.012541500000225
189,m,UB,+0.8,1,0.5808972000013455
190,m,UB,-0.8,0,0.6753972000005888
191,m,UB,+0.4,0,0.7120541999993293
192,m,UB,+0.4,0,0.6546433000003162
193,m,UB,0,0,1.965052800000194
194,m,UB,+0.2,1,0.7166519000002154
195,m,UB,-0.2,1,0.953242699999464
196,m,UB,-0.2,0,1.3875761999988754
197,m,UB,-0.4,0,0.7995209999990038
198,m,UB,+0.2,1,0.9242250999996032
199,m,UB,0,1,1.1803901000002952
200,m,UB,-0.8,0,0.6265179999991233
201,m,UB,+0.8,1,0.6652632000004814
202,m,UB,0,1,1.869710599999962
203,m,UB,0,1,0.8333695000001171
204,m,UB,-0.4,0,1.2059263000010103
205,m,UB,-0.8,0,0.5360946999990119
206,m,UB,+0.8,1,0.5806867000010243
207,m,UB,+0.8,1,0.6532028000001446
208,m,UB,+0.2,1,0.5237274000010075
209,m,UB,+0.4,1,0.6042678000012529
210,m,UB,+0.4,1,0.5188527000009344
211,m,UB,-0.8,0,0.6196051000006264
212,m,UB,-0.2,0,0.7060753000005207
213,m,UB,-0.2,0,0.9805400000004738
214,m,UB,+0.2,1,1.1011583999988943
215,m,UB,-0.4,0,1.2031602999995812
216,m,UB,0,1,0.9553414000001794
217,m,UB,-0.4,0,0.5997036000007938
218,m,UB,-0.8,0,0.6681226000000606
219,m,UB,+0.2,1,0.78481389999979
220,m,UB,+0.4,1,0.5675320000009378
221,m,UB,-0.2,0,1.3657426000008854
222,m,UB,+0.8,1,0.5678662999998778
223,m,UB,-0.8,0,0.5705928000006679
224,m,UB,-0.2,0,0.749054599998999
225,m,UB,+0.4,1,0.6037184999986493
226,m,UB,+0.2,1,0.8121009999995294
227,m,UB,0,1,1.2046203999998395
228,m,UB,-0.4,0,0.5987862000001769
229,m,UB,+0.8,1,0.6574000999989948
230,m,UB,-0.2,0,1.2259622999990825
231,m,UB,0,0,1.6139474000010523
232,m,UB,+0.8,1,0.533938999999009
233,m,UB,-0.4,0,0.5345440000000963
234,m,UB,+0.4,1,0.5892734999997629
235,m,UB,+0.2,0,1.0638495000002877
236,m,UB,+0.4,1,0.662026899999546
237,m,UB,-0.2,0,0.9646602000011626
238,m,UB,-0.4,0,0.6208294999996724
239,m,UB,+0.2,1,0.6055598000002647
240,m,UB,-0.8,0,0.5680554999999003
241,m,UB,+0.8,1,0.5507239999988087
242,m,UB,-0.8,0,0.6052853000001049
243,m,UB,0,0,1.1118645999995351
254,m,UB,+0.8,1,2.0047276000004786
255,m,UB,-0.2,0,1.6763307000001078
256,m,UB,+0.2,0,1.4383076000012809
257,m,UB,-0.8,0,1.1200024999998277
258,m,UB,0,1,1.3620613000002777
259,m,UB,0,1,3.4383314000006067
260,m,UB,-0.4,0,0.6708371999993687
261,m,UB,+0.4,1,0.6373762000002898
262,m,UB,+0.2,1,0.5861351000003197
263,m,UB,-0.2,0,1.1884040000004459
264,m,UB,-0.8,0,0.6508013000002393
265,m,UB,-0.4,0,1.6353804000009404
266,m,UB,+0.4,1,0.7069845000005444
267,m,UB,+0.8,1,0.7136995000000752
268,m,UB,-0.2,0,0.9461102999994182
269,m,UB,+0.2,1,0.9104630000001634
270,m,UB,0,1,0.9249485000000276
271,m,UB,-0.8,0,0.5832006999989972
272,m,UB,-0.2,0,0.9559164000002056
273,m,UB,+0.4,1,0.7022270999987086
274,m,UB,+0.8,1,0.6926604000000225
275,m,UB,+0.2,1,0.7251169000010123
276,m,UB,-0.4,0,0.8076189000003069
277,m,UB,+0.8,1,0.6501828999989812
278,m,UB,+0.4,1,0.4986781000006886
279,m,UB,-0.4,0,0.7271355000011681
280,m,UB,0,0,1.0338278999988688
281,m,UB,-0.8,0,0.6521778000005725
282,m,UB,+0.4,1,2.266509800001586
283,m,UB,+0.8,1,0.6962283000011666
284,m,UB,+0.4,1,0.6385847999990801
285,m,UB,-0.2,0,0.7590535999988788
286,m,UB,-0.2,0,0.7635714999996708
287,m,UB,+0.2,1,2.677988199999163
288,m,UB,-0.8,0,0.5751650000001973
289,m,UB,-0.4,0,0.6318357000000105
290,m,UB,+0.2,1,0.6503110000012384
291,m,UB,0,1,1.0368546999998216
292,m,UB,-0.8,0,0.6173607000000629
293,m,UB,-0.4,0,0.8418583000002401
294,m,UB,+0.8,1,0.7081515000008949
295,m,UB,0,1,0.8427631000013207
296,m,UB,+0.2,1,0.6931707000003371
297,m,UB,+0.4,1,0.6616343000005145
298,m,UB,-0.8,0,0.6542572999987897
299,m,UB,-0.2,0,0.8387383999997837
300,m,UB,-0.8,0,0.5290610000010929
301,m,UB,+0.8,1,0.7117977999987488
302,m,UB,-0.4,0,0.660356899999897
303,m,UB,-0.2,0,0.8667858000007982
304,m,UB,-0.4,0,1.2252107999993314
305,m,UB,0,0,0.9672608999990188
306,m,UB,+0.2,1,0.5056207999987237
307,m,UB,0,1,1.982282900000428
308,m,UB,+0.4,1,0.7660829000014928
309,m,UB,+0.8,1,0.7184572999994998
311,m,UB,+0.4,1,1.2538458999988509
312,m,UB,+0.2,1,0.5879790999988472
313,m,UB,+0.2,1,1.1364628999999695
314,m,UB,-0.2,1,0.7127694000009797
315,m,UB,+0.4,1,0.6612683999992441
316,m,UB,0,0,1.5395981999990909
317,m,UB,-0.4,0,0.6997590999999375
318,m,UB,-0.4,0,0.5141581000007136
319,m,UB,-0.8,0,0.5349977999994735
320,m,UB,+0.8,1,0.6215546000003087
321,m,UB,+0.8,1,0.8520981000001484
322,m,UB,-0.2,0,0.9965563000005204
323,m,UB,0,0,1.1028640999993513
324,m,UB,-0.8,0,0.5811145000006945
325,m,UB,-0.8,0,0.5476204999995389
326,m,UB,+0.2,1,1.2700182000007771
327,m,UB,0,0,1.1644768999994994
328,m,UB,+0.4,1,0.5726529000003211
329,m,UB,+0.4,1,0.6090251000005082
330,m,UB,0,1,2.9078153999998904
331,m,UB,-0.8,0,0.6607998999988922
332,m,UB,-0.4,0,0.4991504999998142
333,m,UB,+0.8,1,0.7319654000002629
334,m,UB,+0.2,1,0.5644326000001456
335,m,UB,-0.2,0,1.1811901000000944
336,m,UB,-0.4,0,1.0053214999988995
337,m,UB,+0.8,1,0.6055591999993339
338,m,UB,-0.2,0,0.8399497999998857
339,m,UB,+0.2,1,0.9724936000002344
340,m,UB,+0.8,1,0.7629611000011209
341,m,UB,+0.2,1,0.6891658999993524
342,m,UB,-0.4,0,1.9637762999991537
343,m,UB,0,0,1.3454120000005787
344,m,UB,-0.2,0,1.0694266999998945
345,m,UB,-0.8,0,0.5717720000011468
346,m,UB,0,0,2.404304300000149
347,m,UB,+0.4,1,0.7417592000001605
348,m,UB,+0.8,1,0.5422569000002113
349,m,UB,-0.8,0,0.6028158999997686
350,m,UB,-0.4,0,0.5233342000010452
351,m,UB,+0.4,1,0.5981632999992144
352,m,UB,-0.2,0,1.1207858999987366
353,m,UB,-0.8,0,0.5787615999997797
354,m,UB,+0.4,1,0.5555026000001817
355,m,UB,+0.4,1,0.7660624000000098
356,m,UB,-0.8,0,0.516384399999879
357,m,UB,0,1,0.5590351000009832
358,m,UB,-0.4,0,0.7158169999984239
359,m,UB,+0.8,1,0.5481132999993861
360,m,UB,+0.8,1,0.6729027999990649
361,m,UB,0,0,0.8854596000001038
362,m,UB,-0.2,0,0.9578395000007732
363,m,UB,+0.2,1,0.6400180000000546
364,m,UB,+0.2,1,1.0526407999986986
365,m,UB,-0.2,0,0.5068066000003455
366,m,UB,-0.4,0,0.6235708000003797
377,m,IV,-0.2,0,2.760448400000314
378,m,IV,+0.4,1,0.6416523999996571
379,m,IV,+0.4,1,0.6442016999990301
380,m,IV,-0.4,0,1.170589800000016
381,m,IV,+0.2,1,0.7650266000000556
382,m,IV,-0.8,0,0.7014207000011083
383,m,IV,-0.4,0,0.569812699999602
384,m,IV,-0.2,0,1.1164871000000858
385,m,IV,+0.8,1,0.5687450000004901
386,m,IV,0,1,0.6571907000015926
387,m,IV,+0.2,1,0.585803299998588
388,m,IV,-0.8,0,0.9265375000013591
389,m,IV,0,1,0.9808145000006334
390,m,IV,+0.8,1,0.573131299999659
391,m,IV,-0.8,0,0.8379690000001574
392,m,IV,-0.2,1,0.6561746999996103
393,m,IV,0,1,0.7407910999991145
394,m,IV,0,1,0.9890980000000128
395,m,IV,+0.8,1,0.6355591999999888
396,m,IV,-0.4,0,1.3320308999991541
397,m,IV,+0.8,1,0.5741208999988885
398,m,IV,-0.8,0,0.9986360999992029
399,m,IV,+0.2,1,0.7529006999993726
400,m,IV,-0.2,1,0.7575863000001846
401,m,IV,-0.4,0,2.384003700000904
402,m,IV,+0.2,1,0.6033243999991099
403,m,IV,+0.4,0,0.5819217000007484
404,m,IV,+0.4,1,1.0925178999987109
405,m,IV,+0.4,1,0.6386446999986221
406,m,IV,-0.2,0,3.851233800000045
407,m,IV,-0.4,0,1.0676165999993827
408,m,IV,-0.2,0,1.1940388000002713
409,m,IV,0,1,0.7160578999992141
410,m,IV,+0.2,1,1.8867468000007648
411,m,IV,-0.8,0,0.9803400999990116
412,m,IV,0,1,1.5285007000002224
413,m,IV,+0.8,1,0.6345220000002882
414,m,IV,+0.2,1,0.6790762999989965
415,m,IV,-0.4,0,1.1956147000000783
416,m,IV,+0.4,1,0.6638141999992513
417,m,IV,-0.8,0,0.7903596999985893
418,m,IV,+0.8,1,0.6208949000010762
419,m,IV,0,1,1.6834464000003209
420,m,IV,-0.2,1,0.7892579999988811
421,m,IV,+0.2,1,0.7216929000005621
422,m,IV,-0.4,0,1.572211099999549
423,m,IV,-0.4,0,1.1660608999991382
424,m,IV,+0.2,1,0.8943769000015891
425,m,IV,-0.8,0,0.822719199999483
426,m,IV,-0.2,1,1.1570681999983208
427,m,IV,+0.4,1,0.6871649000004254
428,m,IV,+0.8,1,0.5377733999994234
429,m,IV,+0.8,1,0.5704031999994186
430,m,IV,-0.8,0,0.7491372999993473
431,m,IV,0,1,0.7374932000002445
432,m,IV,+0.4,1,0.4901891999998042
434,m,IV,+0.8,1,0.6608621000013954
435,m,IV,+0.4,1,0.6750695999999152
436,m,IV,+0.8,1,0.4717670999998518
437,m,IV,+0.2,1,0.5643662000002223
438,m,IV,-0.8,0,0.8549225999995542
439,m,IV,-0.4,0,0.7074195999994117
440,m,IV,-0.8,0,0.63408889999846
441,m,IV,-0.4,0,0.7705253999993147
442,m,IV,-0.2,0,0.7769640000005893
443,m,IV,0,1,0.5693530999997165
444,m,IV,+0.2,1,0.6359935000000405
445,m,IV,-0.2,0,0.7184694000006857
446,m,IV,+0.4,1,0.6889955000006012
447,m,IV,0,1,2.4436165999995865
448,m,IV,-0.4,0,1.6849463999988077
449,m,IV,-0.4,0,1.2707988000001933
450,m,IV,+0.2,1,0.6268108999993274
451,m,IV,+0.4,1,0.43733310000061465
452,m,IV,-0.2,1,1.0982425000001967
453,m,IV,-0.8,0,0.6944766000015079
454,m,IV,0,1,0.6687634000008984
455,m,IV,-0.2,0,1.0994129999999132
456,m,IV,+0.8,1,0.6258237000001827
457,m,IV,+0.8,1,0.6860186000012618
458,m,IV,-0.8,0,0.728832799999509
459,m,IV,0,1,0.9291427999996812
460,m,IV,+0.4,1,0.7636599999987084
461,m,IV,+0.2,1,1.7661396999992576
462,m,IV,-0.8,0,1.2939480999993975
463,m,IV,-0.2,0,1.6438700999988214
464,m,IV,+0.4,1,0.6459379999996601
465,m,IV,-0.4,0,0.8944361000012577
466,m,IV,+0.8,1,0.6688030000004801
467,m,IV,+0.8,1,0.5392726999998558
468,m,IV,-0.2,0,0.8979914999999892
469,m,IV,+0.4,1,0.6080380000003061
470,m,IV,+0.2,1,0.6348386999998183
471,m,IV,0,1,0.7593922999985807
472,m,IV,-0.8,0,1.6337774000003265
473,m,IV,+0.2,1,0.7256685000011203
474,m,IV,0,1,0.8723358999995979
475,m,IV,-0.4,0,0.81652689999828
476,m,IV,-0.4,0,1.4010895999999775
477,m,IV,+0.4,1,0.4673636000006809
478,m,IV,+0.8,1,0.5276909000003798
479,m,IV,+0.8,1,0.6403790999993362
480,m,IV,+0.4,1,0.8129745999995066
481,m,IV,+0.2,1,0.6355614999993122
482,m,IV,-0.4,0,1.02192549999927
483,m,IV,-0.2,1,0.6542917999995552
484,m,IV,+0.2,1,0.6048652999998012
485,m,IV,-0.2,0,0.957254599999942
486,m,IV,0,1,0.9057577999992644
487,m,IV,-0.8,0,0.6220340999989276
488,m,IV,-0.8,0,0.7824885999998514
489,m,IV,0,1,0.8369913999995333
500,m,IV,+0.4,1,0.9209566999998058
501,m,IV,+0.2,1,0.7811794999997801
502,m,IV,-0.2,1,0.9796726000004128
503,m,IV,-0.8,0,1.8478877000015927
504,m,IV,-0.4,0,0.8726466999996774
505,m,IV,+0.8,1,0.5560655999997834
506,m,IV,-0.2,0,1.5086092999990797
507,m,IV,-0.8,0,1.7546445000007225
508,m,IV,0,1,1.2383445999985272
509,m,IV,0,1,0.714485100001184
510,m,IV,+0.4,1,0.8071834999991552
511,m,IV,+0.2,1,0.6235791999988578
512,m,IV,+0.8,1,0.5021138000010978
513,m,IV,-0.4,0,0.6287465000004886
514,m,IV,-0.4,0,0.8971211999996741
515,m,IV,+0.8,1,0.4855797000000166
516,m,IV,-0.2,0,0.7603189999990718
517,m,IV,+0.8,1,0.5947214999996504
518,m,IV,0,0,1.4534490000005462
519,m,IV,+0.2,1,0.8374387999992905
520,m,IV,+0.4,1,0.7577717000003759
521,m,IV,+0.4,1,1.0080907000010484
522,m,IV,0,1,1.3387213999994856
523,m,IV,-0.8,0,1.776722200000222
524,m,IV,-0.2,0,2.8463210999998414
525,m,IV,+0.2,1,0.9034895000004326
526,m,IV,-0.8,0,0.5137391000007483
527,m,IV,-0.4,0,0.8063839999995253
528,m,IV,-0.2,1,0.6810499000002892
529,m,IV,0,1,0.6914744000005157
530,m,IV,-0.2,0,1.140009500000815
531,m,IV,+0.4,1,0.6262616000003618
532,m,IV,+0.2,1,0.6608434000008856
533,m,IV,+0.4,1,0.5891788000008091
534,m,IV,-0.8,0,0.5239493000008224
535,m,IV,0,0,0.7966331999996328
536,m,IV,+0.8,1,0.4849649000007048
537,m,IV,+0.8,1,0.7915517000001273
538,m,IV,-0.4,0,0.8200102999999217
539,m,IV,+0.2,1,0.7645116000003327
540,m,IV,-0.4,0,0.9990005999989079
541,m,IV,-0.8,0,0.5612478000002739
542,m,IV,-0.4,0,0.7017378000000463
543,m,IV,0,0,0.622383500000069
544,m,IV,+0.4,1,1.428894800001217
545,m,IV,-0.2,1,2.016709499999706
546,m,IV,-0.2,0,0.7766291999996611
547,m,IV,-0.8,0,1.0231156999998348
548,m,IV,+0.2,1,0.913239600000452
549,m,IV,0,1,0.6778982999985601
550,m,IV,+0.2,1,0.5760929000007309
551,m,IV,+0.8,1,0.5207651000000624
552,m,IV,-0.8,0,0.7234279999993305
553,m,IV,+0.8,1,0.5019609999999375
554,m,IV,+0.4,1,1.0765627999990102
555,m,IV,-0.4,0,0.6707024999996065
557,m,IV,+0.2,1,0.8020099000004848
558,m,IV,-0.2,0,0.932422800000495
559,m,IV,-0.4,0,0.8528413999993063
560,m,IV,0,0,0.8112473000001046
561,m,IV,+0.2,1,0.7016622999999527
562,m,IV,+0.8,1,0.5160559999985708
563,m,IV,-0.2,0,0.984901899999386
564,m,IV,-0.4,0,0.6531195999996271
565,m,IV,0,0,0.6995858999998745
566,m,IV,-0.8,0,0.6362556999993103
567,m,IV,+0.8,1,0.6546827000001939
568,m,IV,+0.4,1,0.5412467999994988
569,m,IV,-0.8,0,0.5418852000002516
570,m,IV,+0.4,1,0.6284988999996131
571,m,IV,-0.2,0,0.8009611999987101
572,m,IV,+0.4,1,0.5954443999999057
573,m,IV,-0.2,0,0.4561882999987574
574,m,IV,0,0,0.7828795000004902
575,m,IV,0,1,0.7152580000001763
576,m,IV,+0.8,1,0.6317227999988972
577,m,IV,-0.8,0,0.4302864999990561
578,m,IV,-0.8,0,0.8030375000016647
579,m,IV,+0.2,1,0.5234439999985625
580,m,IV,-0.4,0,0.5981523999998899
581,m,IV,+0.4,1,0.7046769999997196
582,m,IV,-0.4,0,0.6850801000000502
583,m,IV,+0.2,1,0.3595767999995587
584,m,IV,+0.8,1,0.6524805999997625
585,m,IV,+0.2,1,0.906832000000577
586,m,IV,-0.2,0,1.4553948000011587
587,m,IV,-0.2,0,0.7492801999997027
588,m,IV,+0.8,1,0.4816941000008228
589,m,IV,+0.4,1,0.9963418999996064
590,m,IV,+0.8,1,0.5046420999988186
591,m,IV,0,1,0.6054114999988087
592,m,IV,+0.2,1,0.5739216000001761
593,m,IV,+0.4,1,0.7264610000001994
594,m,IV,0,1,0.7930640999984462
595,m,IV,-0.4,0,0.8273503000000346
596,m,IV,-0.8,0,0.9059876999999688
597,m,IV,-0.8,0,0.7821915000004083
598,m,IV,-0.4,0,2.9866422999984934
599,m,IV,-0.4,0,0.9197269999986021
600,m,IV,0,1,1.2978781000001618
601,m,IV,-0.2,0,0.9380837999997312
602,m,IV,+0.8,1,0.6345928999999161
603,m,IV,+0.2,0,1.1010189999997235
604,m,IV,-0.8,0,1.2672275999993872
605,m,IV,-0.8,0,0.649481200000082
606,m,IV,+0.2,1,0.8019635999989987
607,m,IV,-0.4,0,1.0663187000009202
608,m,IV,-0.2,0,1.8968220999995535
609,m,IV,+0.8,1,0.5642509999997856
610,m,IV,0,0,1.261125200000606
611,m,IV,+0.4,1,0.8352372000008472
612,m,IV,+0.4,1,0.8614291000012599
623,m,IB,0,1,2.9570301999992807
624,m,IB,-0.4,0,0.7397966999997152
625,m,IB,-0.8,0,0.5723293999999441
626,m,IB,-0.2,0,1.4988611999997374
627,m,IB,+0.2,1,0.7308109000005061
628,m,IB,-0.8,0,0.5576633000000584
629,m,IB,0,1,1.9840851000008115
630,m,IB,-0.4,0,1.1795810999992682
631,m,IB,+0.4,1,0.8118303000010201
632,m,IB,+0.4,1,0.6122730000006413
633,m,IB,+0.8,1,0.5447229000001244
634,m,IB,-0.2,0,0.6794375000008586
635,m,IB,+0.2,1,0.8340518000004522
636,m,IB,+0.8,1,0.5881960999995499
637,m,IB,-0.2,0,0.8110436999995727
638,m,IB,0,1,0.7873687000010251
639,m,IB,-0.4,0,0.6717088999994303
640,m,IB,+0.8,1,0.6282506999996258
641,m,IB,-0.4,0,0.6828447000007145
642,m,IB,+0.8,1,0.5933332000004157
643,m,IB,-0.8,0,0.6198086000003968
644,m,IB,+0.4,1,0.7644342999992659
645,m,IB,-0.8,0,0.8388904000003095
646,m,IB,0,1,0.8812047999999777
647,m,IB,+0.4,1,0.6376942000006238
648,m,IB,-0.2,0,0.7303138000006584
649,m,IB,+0.2,1,1.036739099999977
650,m,IB,+0.2,1,1.0390373000009276
651,m,IB,0,1,0.6034307999998418
652,m,IB,+0.2,1,0.6140808000000106
653,m,IB,-0.8,0,0.6207040999997844
654,m,IB,0,1,0.9411170000003042
655,m,IB,-0.8,0,1.0755841999998663
656,m,IB,-0.2,1,0.9096435999999812
657,m,IB,+0.8,1,0.7000889999999345
658,m,IB,+0.2,1,0.7546838999987813
659,m,IB,-0.4,0,1.1169398999991245
660,m,IB,+0.4,1,0.6175512999998318
661,m,IB,+0.8,1,0.8697616999997991
662,m,IB,+0.4,1,0.5880314999994879
663,m,IB,-0.4,0,0.6028927999996085
664,m,IB,-0.2,0,0.7094256000000314
665,m,IB,+0.2,1,0.7698219000012614
666,m,IB,+0.2,1,0.7863073000007716
667,m,IB,0,1,1.3208048000014971
668,m,IB,-0.8,0,0.5888598000001366
669,m,IB,+0.4,1,0.903420599999663
670,m,IB,-0.2,0,1.061966899998879
671,m,IB,+0.4,1,0.5639635000006821
672,m,IB,-0.2,0,0.6466455000008864
673,m,IB,0,1,1.1613124000014068
674,m,IB,+0.8,1,0.7555157999995572
675,m,IB,-0.8,0,0.5098789999992732
676,m,IB,-0.4,0,0.9086833000001208
677,m,IB,+0.8,1,0.4968704000002617
678,m,IB,-0.4,0,0.6657484000006662
680,m,IB,+0.4,1,0.9072548000003736
681,m,IB,-0.2,0,0.9916543999988788
682,m,IB,-0.4,0,3.021985699999277
683,m,IB,-0.4,0,0.6587859999999637
684,m,IB,+0.4,1,1.9313999000005424
685,m,IB,0,1,3.058923100001266
686,m,IB,-0.2,0,1.306129200000214
687,m,IB,+0.8,1,0.6700648999994883
688,m,IB,-0.8,0,0.4926703000000998
689,m,IB,+0.2,1,1.4132759000003716
690,m,IB,+0.2,1,0.8693222000001697
691,m,IB,0,1,0.4496340999994573
692,m,IB,-0.8,0,0.7643432000004395
693,m,IB,+0.8,1,0.8930760999992344
694,m,IB,-0.2,0,1.0252460000010617
695,m,IB,-0.4,0,0.7436533000000054
696,m,IB,+0.8,1,0.5820169000016904
697,m,IB,0,1,0.8104797999985749
698,m,IB,+0.8,1,1.2189455999996426
699,m,IB,-0.8,0,0.5871083000001818
700,m,IB,-0.8,1,0.6338617999990674
701,m,IB,+0.2,0,0.8122430000003078
702,m,IB,+0.2,1,0.9807634999997391
703,m,IB,+0.4,1,0.7551178999983676
704,m,IB,-0.4,0,0.7334983000000648
705,m,IB,+0.4,1,0.7261366000002454
706,m,IB,-0.2,0,0.814630799999577
707,m,IB,0,0,0.5728884000000107
708,m,IB,-0.2,0,0.8057191999996576
709,m,IB,+0.8,1,0.5421707999994396
710,m,IB,-0.2,0,0.7827343999997538
711,m,IB,+0.2,1,0.7630920999999944
712,m,IB,-0.4,0,0.6774839999998221
713,m,IB,-0.8,1,1.1140804000006028
714,m,IB,+0.8,1,0.5982230000008713
715,m,IB,-0.8,0,0.9228818999999928
716,m,IB,+0.4,1,0.9771397000004072
717,m,IB,0,1,1.2956577999993897
718,m,IB,+0.2,1,0.5357156999998551
719,m,IB,0,1,1.3481969000004028
720,m,IB,-0.4,0,0.8323580999986007
721,m,IB,+0.4,1,0.6288141000004543
722,m,IB,-0.4,0,0.5933851999998296
723,m,IB,-0.4,0,0.7638105999994877
724,m,IB,+0.2,1,0.5824826999996731
725,m,IB,-0.2,1,1.0730355999985477
726,m,IB,+0.8,1,0.5070217000011326
727,m,IB,0,1,0.9057563999995182
728,m,IB,+0.2,1,0.5363370999984909
729,m,IB,0,1,0.9427836000013484
730,m,IB,+0.4,1,0.5871022999999695
731,m,IB,+0.8,1,0.5378213999993022
732,m,IB,-0.2,0,0.8325162000001001
733,m,IB,+0.4,1,0.5126199000005727
734,m,IB,-0.8,0,0.613445099999808
735,m,IB,-0.8,0,0.8595632000015029
746,m,UV,+0.4,1,0.8259911999994074
747,m,UV,-0.2,0,1.038244499999564
748,m,UV,+0.8,1,0.522468499999377
749,m,UV,-0.2,0,0.6772951000002649
750,m,UV,+0.2,1,2.6556246000000097
751,m,UV,+0.8,1,0.5988178000006883
752,m,UV,0,0,0.6194051000002219
753,m,UV,-0.4,0,0.6421484999991662
754,m,UV,-0.8,0,0.4845134999995935
755,m,UV,+0.4,1,0.935359299999618
756,m,UV,-0.4,0,0.6057316999995237
757,m,UV,-0.8,0,0.4721441000001505
758,m,UV,0,0,0.4847835999989911
759,m,UV,+0.2,0,0.6156269999992219
760,m,UV,+0.8,1,0.5577928000002429
761,m,UV,0,0,1.3125448000009785
762,m,UV,+0.4,1,0.6448259000007965
763,m,UV,-0.8,0,2.5733075999996804
764,m,UV,+0.2,1,0.942599500000142
765,m,UV,+0.8,1,0.6407304000003933
766,m,UV,-0.4,0,0.5473125999997137
767,m,UV,+0.2,0,0.6878453999997873
768,m,UV,-0.4,0,0.7946124999998574
769,m,UV,-0.8,0,0.6371287000001757
770,m,UV,-0.2,0,0.4955119999995077
771,m,UV,+0.4,1,1.0642177999998241
772,m,UV,0,0,0.7164950999995199
773,m,UV,-0.2,0,0.5647914999990462
774,m,UV,0,0,0.663509800000611
775,m,UV,+0.8,1,0.5661567999995896
776,m,UV,+0.8,1,0.7026541000013822
777,m,UV,-0.4,0,0.5231471999995847
778,m,UV,+0.2,1,0.6138384999994742
779,m,UV,+0.4,1,0.6102523999998084
780,m,UV,-0.4,0,0.5949536000007356
781,m,UV,-0.2,0,0.8235351999992417
782,m,UV,0,0,0.8060009999990143
783,m,UV,-0.8,0,0.526281000000381
784,m,UV,+0.4,1,0.6968766000009055
785,m,UV,-0.8,0,0.5215310999992653
786,m,UV,+0.2,1,0.6599347999999736
787,m,UV,-0.2,0,0.5785785000007309
788,m,UV,+0.8,1,0.4912810000005266
789,m,UV,-0.8,0,0.5579104999997071
790,m,UV,0,0,0.7363543999999821
791,m,UV,-0.4,0,0.5908497000000352
792,m,UV,-0.8,0,0.6696248000007472
793,m,UV,-0.4,1,0.9721700999998576
794,m,UV,-0.2,0,0.8904454000003169
795,m,UV,+0.8,1,0.5728568999984418
796,m,UV,+0.4,0,0.5873310000006313
797,m,UV,+0.4,0,0.8000775000000431
798,m,UV,-0.2,0,1.068383800000447
799,m,UV,0,0,0.7307797000012215
800,m,UV,+0.2,1,0.6012227999999595
801,m,UV,+0.2,0,1.4378983000005974
803,m,UV,0,0,0.8648341000007349
804,m,UV,+0.4,1,0.7971765000002051
805,m,UV,-0.4,0,0.5378310999985842
806,m,UV,+0.2,1,0.864374200000384
807,m,UV,0,0,0.8608196000004682
808,m,UV,-0.8,1,0.5251736999998684
809,m,UV,+0.4,1,0.7179726000013034
810,m,UV,+0.8,1,0.5981183000003512
811,m,UV,-0.2,0,0.5228348000000551
812,m,UV,-0.8,0,0.5336093000005349
813,m,UV,+0.8,1,0.5078616000009788
814,m,UV,-0.4,0,0.4426946999992651
815,m,UV,+0.2,1,0.8694063000002643
816,m,UV,-0.2,0,0.7379293000012694
817,m,UV,+0.2,0,0.5861937999998189
818,m,UV,-0.2,0,0.7608970000001136
819,m,UV,+0.4,1,0.6593415000006644
820,m,UV,+0.8,1,0.5458667999992031
821,m,UV,-0.8,0,0.5584085999998933
822,m,UV,-0.8,0,0.5873375999999553
823,m,UV,0,0,0.8157608000001346
824,m,UV,+0.2,0,0.6059934000004432
825,m,UV,+0.4,1,0.5847346000009566
826,m,UV,-0.4,0,0.5992036999996344
827,m,UV,-0.2,0,0.7958146000000852
828,m,UV,+0.8,1,0.5742109000002529
829,m,UV,-0.4,0,0.582932699999219
830,m,UV,0,0,1.339397600000666
831,m,UV,0,0,0.4815303000013955
832,m,UV,+0.8,0,0.9103435999986688
833,m,UV,-0.2,0,0.6428687999996328
834,m,UV,-0.8,0,0.6190571000006457
835,m,UV,+0.4,1,0.907870200000616
836,m,UV,+0.4,1,0.7681150000007619
837,m,UV,+0.2,1,0.6084703999986232
838,m,UV,+0.2,1,0.6731084000002738
839,m,UV,-0.8,0,0.5178355999996711
840,m,UV,-0.2,0,0.5122037000001001
841,m,UV,+0.8,1,0.6448454999990645
842,m,UV,-0.4,0,0.599463000000469
843,m,UV,0,0,0.8820488000001205
844,m,UV,-0.4,0,0.5963534000002255
845,m,UV,0,0,0.7989455000006274
846,m,UV,-0.4,0,0.9075883999994404
847,m,UV,-0.2,0,0.6396727999999712
848,m,UV,+0.8,1,0.5462805000006483
849,m,UV,+0.8,1,0.6490369000002829
850,m,UV,-0.8,0,0.5935558000001038
851,m,UV,-0.4,0,0.6041050000003452
852,m,UV,+0.2,0,0.6467983000002278
853,m,UV,+0.4,1,0.6874528999996983
854,m,UV,+0.4,1,0.5118271999999706
855,m,UV,+0.2,1,0.6762890999998491
856,m,UV,-0.8,1,0.9209202000001824
857,m,UV,0,1,0.6372858999984601
858,m,UV,-0.2,0,0.8957606999993004
869,m,IB,-0.8,0,0.8119957999988401
870,m,IB,0,1,1.0544362999989971
871,m,IB,+0.2,1,0.540802800000165
872,m,IB,-0.4,0,0.4832411999996111
873,m,IB,-0.4,0,0.5820146000005479
874,m,IB,+0.2,1,0.6285635999993247
875,m,IB,-0.8,0,0.4911702000008518
876,m,IB,+0.8,1,0.563794700001381
877,m,IB,-0.2,0,1.1745236000006116
878,m,IB,0,1,0.5726383000001078
879,m,IB,+0.4,1,0.5071322000003421
880,m,IB,-0.2,0,0.6979249000014534
881,m,IB,+0.4,1,0.6244850999992195
882,m,IB,+0.8,1,0.6909024999986286
883,m,IB,-0.8,0,0.5315692999993189
884,m,IB,+0.2,1,0.8782974000005197
885,m,IB,+0.8,1,0.7424232000012125
886,m,IB,-0.4,0,0.4749494999996386
887,m,IB,+0.2,1,0.5035975999999209
888,m,IB,-0.4,0,0.6461083000012877
889,m,IB,0,1,0.6648507000008976
890,m,IB,-0.2,0,0.6691929999997228
891,m,IB,+0.8,1,0.5077431999998225
892,m,IB,-0.2,0,0.4745559000002686
893,m,IB,-0.8,0,0.5730158999995183
894,m,IB,+0.4,1,0.5495764000006602
895,m,IB,+0.4,1,0.5083205999999336
896,m,IB,0,1,0.6088597999987542
897,m,IB,+0.2,1,0.5993956999991497
898,m,IB,-0.4,0,0.6041868000011164
899,m,IB,-0.2,0,0.8926739000016823
900,m,IB,-0.4,0,0.5332128000009106
901,m,IB,+0.4,1,0.6136084999998275
902,m,IB,-0.2,0,0.6522359999999026
903,m,IB,0,0,0.592712699999538
904,m,IB,+0.2,1,0.5392612000014196
905,m,IB,0,1,0.5560397999997804
906,m,IB,+0.8,0,0.510643199999322
907,m,IB,+0.8,1,0.4990369000006467
908,m,IB,+0.4,1,0.5238639999988663
909,m,IB,-0.8,0,0.4984973999999056
910,m,IB,-0.8,0,0.4652533999997104
911,m,IB,+0.4,1,0.4197125000009692
912,m,IB,-0.4,1,0.6044117000001279
913,m,IB,0,1,0.5351394999997865
914,m,IB,-0.2,1,0.6116201999993791
915,m,IB,+0.8,1,0.6442026000004262
916,m,IB,-0.8,0,0.4867302999991807
917,m,IB,+0.2,1,0.6335240000007616
918,m,IB,+0.2,1,0.6519241999994847
919,m,IB,-0.4,0,0.6764741999995749
920,m,IB,-0.8,0,0.5691265999994357
921,m,IB,+0.8,1,0.5777158000000782
922,m,IB,0,1,0.8162093999999342
923,m,IB,+0.4,1,0.6167043000004924
924,m,IB,-0.2,0,0.6551920000001701
926,m,IB,+0.8,1,0.7411658000000898
927,m,IB,+0.2,0,0.6274579999990237
928,m,IB,-0.4,0,0.8422535999998217
929,m,IB,-0.8,0,1.1086542000011832
930,m,IB,-0.2,0,0.8809423000002425
931,m,IB,+0.4,1,0.5733003000004828
932,m,IB,+0.2,1,0.7418757000014011
933,m,IB,0,1,0.4844730000004347
934,m,IB,-0.2,1,0.4768874000001233
935,m,IB,-0.8,0,0.5697794999996404
936,m,IB,0,1,0.6363104000010935
937,m,IB,+0.4,1,0.5646343000007619
938,m,IB,+0.8,1,0.4392810999997892
939,m,IB,-0.4,0,0.5081433000013931
940,m,IB,+0.4,1,0.5286455999994359
941,m,IB,-0.4,0,0.6093409999994037
942,m,IB,0,1,0.5719131999994715
943,m,IB,+0.2,1,0.5746314000007261
944,m,IB,+0.2,1,0.7012063999991369
945,m,IB,-0.4,0,0.717564599999605
946,m,IB,+0.4,1,0.6021921999999904
947,m,IB,-0.8,0,0.5228344000006473
948,m,IB,0,1,0.5012924000002386
949,m,IB,+0.8,1,0.4459405999987212
950,m,IB,+0.8,1,0.3766150000010384
951,m,IB,-0.8,0,0.5694985999998607
952,m,IB,-0.2,0,1.1698955000010756
953,m,IB,-0.2,0,0.7002104999992298
954,m,IB,-0.8,0,0.5627584000012575
955,m,IB,-0.4,0,0.5392228000000614
956,m,IB,-0.4,0,0.5619958000006591
957,m,IB,+0.8,1,0.5106649999997899
958,m,IB,+0.4,1,0.4671996999986732
959,m,IB,0,1,1.5358183000007557
960,m,IB,-0.2,0,0.5998085999999603
961,m,IB,+0.4,1,0.5145287999985158
962,m,IB,+0.2,0,0.546867300001395
963,m,IB,-0.8,0,0.6016001000007236
964,m,IB,+0.8,1,0.596341600001324
965,m,IB,0,1,1.3326952999996138
966,m,IB,-0.2,1,1.4389291999996203
967,m,IB,+0.2,1,0.5768020000014076
968,m,IB,+0.2,1,0.7353901999995287
969,m,IB,0,1,0.4719513000000006
970,m,IB,-0.2,1,0.4208776999985275
971,m,IB,+0.8,1,0.6753006999988429
972,m,IB,+0.4,1,0.3877788999998302
973,m,IB,-0.4,0,0.8425110999996832
974,m,IB,+0.4,1,0.76310150000063
975,m,IB,-0.8,0,0.5393475000000763
976,m,IB,0,1,0.6579670999999507
977,m,IB,+0.8,1,0.5386121999999887
978,m,IB,-0.4,0,0.6411169999992126
979,m,IB,-0.8,0,0.729675499998848
980,m,IB,-0.2,0,0.7163358999987395
981,m,IB,+0.2,0,0.6228296999997838
